metric,value
accuracy,0.9607843137254902
kappa,0.9191759112519811
